{"count":1,"self":52.8385696,"total":53.522158399999995,"children":{"InitializeActuators":{"count":1,"self":0.00099669999999999989,"total":0.00099669999999999989,"children":null},"InitializeSensors":{"count":1,"self":0.00099669999999999989,"total":0.00099669999999999989,"children":null},"AgentSendState":{"count":2417,"self":0.0349771,"total":0.0549302,"children":{"CollectObservations":{"count":484,"self":0.00099739999999999985,"total":0.00099739999999999985,"children":null},"WriteActionMask":{"count":484,"self":0.0034928999999999997,"total":0.0034928999999999997,"children":null},"RequestDecision":{"count":484,"self":0.015462799999999999,"total":0.015462799999999999,"children":null}}},"DecideAction":{"count":2417,"self":0.6043478,"total":0.60733779999999993,"children":{"RayPerceptionSensor.Perceive":{"count":484,"self":0.00299,"total":0.00299,"children":null}}},"AgentAct":{"count":2417,"self":0.0188138,"total":0.0188138,"children":null}},"gauges":{"Snake.CumulativeReward":{"count":1,"max":19.6303768,"min":19.6303768,"runningAverage":19.6303768,"value":19.6303768,"weightedAverage":19.6303768}},"metadata":{"timer_format_version":"0.1.0","start_time_seconds":"1716612420","unity_version":"2022.3.20f1","command_line_arguments":"C:\\Program Files\\Unity\\Hub\\Editor\\2022.3.20f1\\Editor\\Unity.exe -projectpath D:\\01_Unity\\MLAgentProject -useHub -hubIPC -cloudEnvironment production","communication_protocol_version":"1.5.0","com.unity.ml-agents_version":"2.3.0-exp.3","scene_name":"SampleScene","end_time_seconds":"1716612474"}}