{"count":1,"self":45.0066816,"total":408.5209719,"children":{"InitializeActuators":{"count":45,"self":0.0020089,"total":0.0020089,"children":null},"InitializeSensors":{"count":45,"self":0.0029936,"total":0.0029936,"children":null},"AgentSendState":{"count":34601,"self":54.8355392,"total":115.29620709999999,"children":{"CollectObservations":{"count":311445,"self":0.24346859999999998,"total":0.24346859999999998,"children":null},"WriteActionMask":{"count":311445,"self":0.3647313,"total":0.3647313,"children":null},"RequestDecision":{"count":311445,"self":1.77078,"total":59.852467,"children":{"AgentInfo.ToProto":{"count":311445,"self":1.3647987,"total":58.081686899999994,"children":{"GenerateSensorData":{"count":311445,"self":54.887910399999996,"total":56.7168882,"children":{"RayPerceptionSensor.Perceive":{"count":311445,"self":1.8289748,"total":1.8289746999999998,"children":null}}}}}}}}},"DecideAction":{"count":34601,"self":247.7414656,"total":247.74146299999998,"children":null},"AgentAct":{"count":34601,"self":0.3808937,"total":0.3808937,"children":null},"AgentInfo.ToProto":{"count":229,"self":0.0028921999999999997,"total":0.0907229,"children":{"GenerateSensorData":{"count":229,"self":0.086795299999999992,"total":0.0878307,"children":{"RayPerceptionSensor.Perceive":{"count":229,"self":0.0010354,"total":0.0010354,"children":null}}}}}},"gauges":{"Snake.CumulativeReward":{"count":229,"max":34.6612,"min":-1.987998,"runningAverage":4.010482,"value":34.6612,"weightedAverage":14.0566826}},"metadata":{"timer_format_version":"0.1.0","start_time_seconds":"1716895018","unity_version":"2022.3.20f1","command_line_arguments":"C:\\Program Files\\Unity\\Hub\\Editor\\2022.3.20f1\\Editor\\Unity.exe -projectpath D:\\01_Unity\\MLAgentProject -useHub -hubIPC -cloudEnvironment production","communication_protocol_version":"1.5.0","com.unity.ml-agents_version":"2.3.0-exp.3","scene_name":"SampleScene","end_time_seconds":"1716895426"}}