{"count":1,"self":115.79482879999999,"total":1822.4811631,"children":{"InitializeActuators":{"count":16,"self":0.0019873,"total":0.0019873,"children":null},"InitializeSensors":{"count":16,"self":0.0029908,"total":0.0029908,"children":null},"AgentSendState":{"count":147551,"self":14.3038416,"total":107.88337059999999,"children":{"CollectObservations":{"count":472176,"self":0.2817173,"total":0.2817173,"children":null},"WriteActionMask":{"count":472176,"self":0.54909829999999993,"total":0.54909829999999993,"children":null},"RequestDecision":{"count":472176,"self":2.9225445999999997,"total":92.748713299999991,"children":{"AgentInfo.ToProto":{"count":472176,"self":2.0233688,"total":89.8261687,"children":{"GenerateSensorData":{"count":472176,"self":86.7644224,"total":87.802799999999991,"children":{"RayPerceptionSensor.Perceive":{"count":472176,"self":1.0383780999999999,"total":1.0383780999999999,"children":null}}}}}}}}},"DecideAction":{"count":147551,"self":1593.4639104,"total":1593.4638785,"children":null},"AgentAct":{"count":147551,"self":2.5946952,"total":2.5946952,"children":null},"AgentInfo.ToProto":{"count":8721,"self":0.0757419,"total":2.7384111,"children":{"GenerateSensorData":{"count":8721,"self":2.6416467999999997,"total":2.6626692,"children":{"RayPerceptionSensor.Perceive":{"count":8721,"self":0.0210225,"total":0.0210225,"children":null}}}}}},"gauges":{"Snake.CumulativeReward":{"count":8721,"max":-1.01,"min":-50.66767,"runningAverage":-3.67678833,"value":-2.659999,"weightedAverage":-2.91474175}},"metadata":{"timer_format_version":"0.1.0","start_time_seconds":"1716272827","unity_version":"2022.3.20f1","command_line_arguments":"C:\\Program Files\\Unity\\Hub\\Editor\\2022.3.20f1\\Editor\\Unity.exe -projectpath D:\\01_Unity\\MLAgentProject -useHub -hubIPC -cloudEnvironment production","communication_protocol_version":"1.5.0","com.unity.ml-agents_version":"2.3.0-exp.3","scene_name":"SampleScene","end_time_seconds":"1716274650"}}