{"count":1,"self":4598.902784,"total":8872.1662103999988,"children":{"InitializeActuators":{"count":16,"self":0.0009965,"total":0.0009965,"children":null},"InitializeSensors":{"count":16,"self":0.0030662,"total":0.0030662,"children":null},"AgentSendState":{"count":272434,"self":47.9678784,"total":207.6097541,"children":{"CollectObservations":{"count":871792,"self":0.5417997,"total":0.5417997,"children":null},"WriteActionMask":{"count":871792,"self":0.89299149999999994,"total":0.89299149999999994,"children":null},"RequestDecision":{"count":871792,"self":4.7844999999999995,"total":158.2070833,"children":{"AgentInfo.ToProto":{"count":871792,"self":3.8226351999999997,"total":153.4225831,"children":{"GenerateSensorData":{"count":871792,"self":147.9224832,"total":149.5999478,"children":{"RayPerceptionSensor.Perceive":{"count":871792,"self":1.6774593999999998,"total":1.6774593999999998,"children":null}}}}}}}}},"DecideAction":{"count":272434,"self":4061.2704255999997,"total":4061.2702454,"children":null},"AgentAct":{"count":272434,"self":3.9038524,"total":3.9038522999999996,"children":null},"AgentInfo.ToProto":{"count":1233,"self":0.0089991,"total":0.47558429999999996,"children":{"GenerateSensorData":{"count":1233,"self":0.46507719999999997,"total":0.4665852,"children":{"RayPerceptionSensor.Perceive":{"count":1233,"self":0.001508,"total":0.001508,"children":null}}}}}},"gauges":{"Snake.CumulativeReward":{"count":1233,"max":128.008377,"min":-0.6700001,"runningAverage":34.80818,"value":32.66036,"weightedAverage":42.6652145}},"metadata":{"timer_format_version":"0.1.0","start_time_seconds":"1716281343","unity_version":"2022.3.20f1","command_line_arguments":"C:\\Program Files\\Unity\\Hub\\Editor\\2022.3.20f1\\Editor\\Unity.exe -projectpath D:\\01_Unity\\MLAgentProject -useHub -hubIPC -cloudEnvironment production","communication_protocol_version":"1.5.0","com.unity.ml-agents_version":"2.3.0-exp.3","scene_name":"SampleScene","end_time_seconds":"1716290215"}}